VALUE_LEVEL,mean,std
H,3.9898406374501993,0.9740527793031835
HM,3.78804780876494,0.9074852696742949
L,3.541832669322709,0.9855254978308258
LM,3.656772908366534,0.9485065181605877
